side,target,mae,rmse,r2,best_iteration
R,fx,0.18076204600117685,0.2709583300890023,0.4713591460167137,462
R,fy,0.23828229799381925,0.39300130171869907,0.5435918089195976,347
R,fz,0.6791981132399314,0.9960493288205599,0.8440747864999708,1019
L,fx,0.18314669873907452,0.27692012897465396,0.44517491692304345,579
L,fy,0.20138512833806807,0.300984193220299,0.6711753503295835,422
L,fz,0.5258844276007547,0.8245066317864927,0.8914239020367101,704
